resolution_points_per_wavelength,mean_reference_residual,max_energy_balance_error,mean_field_slice_delta,run_count,status
10,0.00958333333333334,0.00550000000000006,0.013416666666666667,9,pass
15,0.005138888888888878,0.004611111111110899,0.007194444444444443,9,pass
20,0.0035833333333333333,0.0042999999999999705,0.005016666666666666,9,pass
30,0.0026035802469135897,0.004077777777777847,0.003461111111111111,9,pass
