resolution_points_per_wavelength,mean_reference_residual,max_energy_balance_error,mean_field_slice_delta,run_count,status
10,0.020083333333333342,0.05628000000000011,0.028116666666666665,9,fail
15,0.013416666666666669,0.046413333333333195,0.018783333333333332,9,fail
20,0.011083333333333334,0.04296000000000011,0.015516666666666666,9,fail
30,0.009416666666666665,0.04049333333333327,0.013183333333333333,9,fail
