resolution_points_per_wavelength,mean_reference_residual,max_energy_balance_error,mean_field_slice_delta,run_count,status
10,0.005436666666666669,0.008219999999999894,0.01621666666666667,9,pass
15,0.0034366666666666673,0.006219999999999892,0.00843888888888889,9,pass
20,0.0027366666666666663,0.005519999999999969,0.005716666666666666,9,pass
30,0.0022366666666666663,0.0050200000000000244,0.0037722222222222224,9,pass
