resolution_points_per_wavelength,mean_reference_residual,max_energy_balance_error,mean_field_slice_delta,run_count,status
10,0.01058333333333334,0.005700000000000038,0.014816666666666665,9,pass
15,0.005583333333333335,0.0047000000000001485,0.007816666666666666,9,pass
20,0.0038333333333333184,0.004349999999999854,0.005366666666666665,9,pass
30,0.0026988888888888844,0.0040999999999999925,0.003616666666666666,9,pass
