run_id,resolution_ppw,aperture_cells_across,pml_padding_lambda,monitor_distance_lambda,reference_residual,energy_residual,status
l84-circular-pinhole-r6,6,48,1.5,1.5,0.13,0.0585,fail
l84-circular-pinhole-r8,8,64,1.5,2.4,0.05465826699149145,0.024596220146171154,warning
l84-circular-pinhole-r12,12,96,2.5,2.4,0.03292621304490234,0.014816795870206054,warning
l84-circular-pinhole-r16,16,128,2.5,2.4,0.022980970388562796,0.010341436674853259,pass
l84-circular-pinhole-r24,24,192,2.5,2.4,0.01738724792938697,0.007824261568224137,pass
